{"cameraMode":{"drawMode":0,"name":"Shaded","section":"Shading Mode"},"sceneLighting":true,"audioPlay":false,"sceneViewState":{"showFog":true,"showMaterialUpdate":false,"showSkybox":true,"showFlares":true,"showImageEffects":true,"showParticleSystems":true},"in2DMode":false,"pivot":{"x":239.18861389160157,"y":397.66351318359377,"z":266.9167785644531},"rotation":{"x":0.14875850081443788,"y":0.1430612951517105,"z":-0.02178804576396942,"w":0.9782916307449341},"size":498.3251037597656,"orthographic":false}